[
    {
        "key": "dbln",
        "value": "%7B%2261577632893256%22%3A%22AygudNu1%22%2C%22100004146368712%22%3A%22GDSUP4Zy%22%7D",
        "domain": "facebook.com",
        "path": "/login/device-based/",
        "hostOnly": false,
        "creation": "2025-12-27T05:05:48.935Z",
        "lastAccessed": "2025-12-27T05:05:48.935Z"
    },
    {
        "key": "datr",
        "value": "_sU-aZNIVz7JtLGcRDUziNei",
        "domain": "facebook.com",
        "path": "/",
        "hostOnly": false,
        "creation": "2025-12-27T05:05:48.935Z",
        "lastAccessed": "2025-12-27T05:05:48.935Z"
    },
    {
        "key": "sb",
        "value": "_sU-aTQdC_Le3BOYS9V9kDgW",
        "domain": "facebook.com",
        "path": "/",
        "hostOnly": false,
        "creation": "2025-12-27T05:05:48.935Z",
        "lastAccessed": "2025-12-27T05:05:48.935Z"
    },
    {
        "key": "vpd",
        "value": "v1%3B688x360x2.5506443977355957",
        "domain": "facebook.com",
        "path": "/",
        "hostOnly": false,
        "creation": "2025-12-27T05:05:48.935Z",
        "lastAccessed": "2025-12-27T05:05:48.935Z"
    },
    {
        "key": "ps_l",
        "value": "1",
        "domain": "facebook.com",
        "path": "/",
        "hostOnly": false,
        "creation": "2025-12-27T05:05:48.935Z",
        "lastAccessed": "2025-12-27T05:05:48.935Z"
    },
    {
        "key": "ps_n",
        "value": "1",
        "domain": "facebook.com",
        "path": "/",
        "hostOnly": false,
        "creation": "2025-12-27T05:05:48.935Z",
        "lastAccessed": "2025-12-27T05:05:48.935Z"
    },
    {
        "key": "pas",
        "value": "100004283197641%3AQToUaRMntz%2C61577632893256%3AFynRetmxK3%2C100004146368712%3ANcrS6adFZi",
        "domain": "facebook.com",
        "path": "/",
        "hostOnly": false,
        "creation": "2025-12-27T05:05:48.935Z",
        "lastAccessed": "2025-12-27T05:05:48.935Z"
    },
    {
        "key": "c_user",
        "value": "61577632893256",
        "domain": "facebook.com",
        "path": "/",
        "hostOnly": false,
        "creation": "2025-12-27T05:05:48.935Z",
        "lastAccessed": "2025-12-27T05:05:48.935Z"
    },
    {
        "key": "xs",
        "value": "3%3Am1Z4L-HVWpCPLw%3A2%3A1766752856%3A-1%3A-1",
        "domain": "facebook.com",
        "path": "/",
        "hostOnly": false,
        "creation": "2025-12-27T05:05:48.935Z",
        "lastAccessed": "2025-12-27T05:05:48.935Z"
    },
    {
        "key": "locale",
        "value": "en_US",
        "domain": "facebook.com",
        "path": "/",
        "hostOnly": false,
        "creation": "2025-12-27T05:05:48.935Z",
        "lastAccessed": "2025-12-27T05:05:48.935Z"
    },
    {
        "key": "fr",
        "value": "0o1p0BDLcKn1vZNs6.AWcF8-tNIAEspvt60lFoiBiPUJAyX6oxtu0CF8dKmc282CrPYfs.BpToJf..AAA.0.0.BpTpRH.AWcFBBVptGK1-3QupAGEjI37QJE",
        "domain": "facebook.com",
        "path": "/",
        "hostOnly": false,
        "creation": "2025-12-27T05:05:48.935Z",
        "lastAccessed": "2025-12-27T05:05:48.935Z"
    },
    {
        "key": "fbl_st",
        "value": "100726748%3BT%3A29446816",
        "domain": "facebook.com",
        "path": "/",
        "hostOnly": false,
        "creation": "2025-12-27T05:05:48.935Z",
        "lastAccessed": "2025-12-27T05:05:48.935Z"
    },
    {
        "key": "wl_cbv",
        "value": "v2%3Bclient_version%3A3031%3Btimestamp%3A1766809004",
        "domain": "facebook.com",
        "path": "/",
        "hostOnly": false,
        "creation": "2025-12-27T05:05:48.935Z",
        "lastAccessed": "2025-12-27T05:05:48.935Z"
    }
]